name,epoch,acc,acc_A0Y0,acc_A0Y1,acc_A1Y0,acc_A1Y1,acc_var,acc_dis,err_op_0,err_op_1,err_odd
5000-0.05-8,Val 1,55.298912836157754,99.74292755126953,0.9646301865577698,100.0,0.0,49.69582748413086,0.1141270101070404,0.25707244873046875,0.9646301865577698,1.2217025756835938
5000-0.05-8,Val 2,59.239130351854406,59.89717102050781,60.12861633300781,56.25,35.0,10.4021577835083,0.1555555760860443,3.6471710205078125,25.128616333007812,28.775787353515625
5000-0.05-8,Val 3,58.5597825050354,46.01542282104492,76.2057876586914,37.5,45.0,14.81804370880127,0.177619069814682,8.515422821044922,31.205787658691406,39.72121047973633
5000-0.05-8,Val 4,60.59782592110012,56.041133880615234,68.16720581054688,43.75,45.0,9.856793403625488,0.16984125971794128,12.291133880615234,23.167205810546875,35.45833969116211
5000-0.05-8,Val 5,63.72282600402832,82.51927947998047,42.443729400634766,81.25,15.000000953674316,28.300464630126953,0.20269837975502014,1.2692794799804688,27.443729400634766,28.713008880615234
5000-0.05-8,Test 1,51.73333353678385,99.74358367919922,1.9444445371627808,99.2021255493164,1.8716577291488647,48.78278350830078,0.02133333683013916,0.5414581298828125,0.07278680801391602,0.6142449378967285
5000-0.05-8,Test 5,61.066666717529294,84.87179565429688,44.72222137451172,84.30850982666016,28.6096248626709,24.63076400756836,0.09066671133041382,0.5632858276367188,16.11259651184082,16.67588233947754
