name,epoch,acc,acc_A0Y0,acc_A0Y1,acc_A1Y0,acc_A1Y1,acc_var,acc_dis,err_op_0,err_op_1,err_odd
5000-0.1-7,Val 1,56.370656311742124,54.7314567565918,58.2524299621582,57.57575607299805,56.818180084228516,1.321234941482544,0.008571445941925049,2.84429931640625,1.4342498779296875,4.2785491943359375
5000-0.1-7,Val 2,58.42985818438242,65.21739196777344,50.80906295776367,63.6363639831543,47.727272033691406,7.677646636962891,0.043116867542266846,1.5810279846191406,3.0817909240722656,4.662818908691406
5000-0.1-7,Val 3,57.40025753772397,52.173912048339844,63.75404739379883,54.54545593261719,61.3636360168457,4.751148223876953,0.0115584135055542,2.3715438842773438,2.390411376953125,4.761955261230469
5000-0.1-7,Val 4,59.58815961761671,58.82353210449219,60.84142303466797,57.57575607299805,59.09090805053711,1.1652491092681885,0.012727320194244385,1.2477760314941406,1.7505149841308594,2.998291015625
5000-0.1-7,Val 5,62.03346197945731,83.6317138671875,38.51132583618164,75.75757598876953,25.0,24.598907470703125,0.1696103811264038,7.874137878417969,13.51132583618164,21.38546371459961
5000-0.1-7,Test 4,58.40000025431315,61.5384635925293,62.777774810791016,69.4148941040039,39.83957290649414,11.12240982055664,0.07466667890548706,7.876430511474609,22.938201904296875,30.814632415771484
5000-0.1-7,Test 5,60.13333348592123,83.84615325927734,41.11111068725586,87.5,26.203208923339844,26.568090438842773,0.06400001049041748,3.6538467407226562,14.907901763916016,18.561748504638672
