name,epoch,acc,acc_A0Y0,acc_A0Y1,acc_A1Y0,acc_A1Y1,acc_var,acc_dis,err_op_0,err_op_1,err_odd
5000-0.1-8,Val 1,56.37065621846124,41.902313232421875,73.9549789428711,50.0,65.8536605834961,12.642745018005371,0.022987008094787598,8.097686767578125,8.101318359375,16.199005126953125
5000-0.1-8,Val 2,60.10295995567449,86.63238525390625,30.868165969848633,83.33332824707031,9.756096839904785,33.20619201660156,0.17701295018196106,3.2990570068359375,21.11206817626953,24.41112518310547
5000-0.1-8,Val 3,60.74646078573691,70.694091796875,52.090030670166016,61.11111068725586,31.707317352294922,14.403409004211426,0.169740229845047,9.58298110961914,20.382713317871094,29.965694427490234
5000-0.1-8,Val 4,56.62805677534224,34.19023132324219,84.56591033935547,38.88888931274414,73.17073059082031,21.608375549316406,0.005714297294616699,4.698657989501953,11.395179748535156,16.09383773803711
5000-0.1-8,Val 5,63.83526405128273,79.69152069091797,47.26688003540039,80.55555725097656,24.390243530273438,23.580121994018555,0.14636361598968506,0.8640365600585938,22.876636505126953,23.740673065185547
5000-0.1-8,Test 4,57.46666712443034,37.17948913574219,82.22222137451172,48.67021179199219,63.6363639831543,16.87455177307129,0.026666641235351562,11.49072265625,18.585857391357422,30.076580047607422
5000-0.1-8,Test 5,61.06666712443034,80.51282501220703,48.61111068725586,83.77659606933594,29.946523666381836,22.455480575561523,0.08266669511795044,3.2637710571289062,18.664587020874023,21.92835807800293
