name,epoch,acc,acc_A0Y0,acc_A0Y1,acc_A1Y0,acc_A1Y1,acc_var,acc_dis,err_op_0,err_op_1,err_odd
5000-0.05-5,Val 1,54.891304285629936,100.0,0.0,100.0,0.0,50.0,0.05142855644226074,0.0,0.0,0.0
5000-0.05-5,Val 2,61.68478252576745,80.82901763916016,37.57961654663086,100.0,33.333335876464844,28.342388153076172,0.05238097906112671,19.170982360839844,4.246280670166016,23.41726303100586
5000-0.05-5,Val 3,53.26086946155714,28.7564754486084,84.07643127441406,44.4444465637207,50.0,20.187339782714844,0.0634920597076416,15.687971115112305,34.07643127441406,49.764404296875
5000-0.05-5,Val 4,61.27717376791912,69.94818115234375,50.955413818359375,83.33332824707031,33.333335876464844,18.939708709716797,0.030952394008636475,13.385147094726562,17.62207794189453,31.007225036621094
5000-0.05-5,Val 5,63.45108691505764,75.90673828125,48.08917236328125,94.44444274902344,33.333335876464844,23.75798797607422,0.004603207111358643,18.537704467773438,14.755836486816406,33.293540954589844
5000-0.05-5,Test 1,51.066666717529294,100.0,0.0,100.0,0.0,50.0,0.018666625022888184,0.0,0.0,0.0
5000-0.05-5,Test 5,59.8,75.64102172851562,50.0,81.38298034667969,31.016042709350586,20.2545223236084,0.07066667079925537,5.7419586181640625,18.983957290649414,24.725915908813477
