name,epoch,acc,acc_A0Y0,acc_A0Y1,acc_A1Y0,acc_A1Y1,acc_var,acc_dis,err_op_0,err_op_1,err_odd
5000-0.05-9,Val 1,57.47282598329627,90.0,20.0,81.25,20.0,32.958011627197266,0.10777777433395386,8.75,0.0,8.75
5000-0.05-9,Val 2,59.78260869565217,66.57894897460938,53.125,62.5,35.0,12.164324760437012,0.13206350803375244,4.078948974609375,18.125,22.203948974609375
5000-0.05-9,Val 3,56.793478157209314,47.894737243652344,66.875,56.25,65.0,7.5648016929626465,0.04539680480957031,8.355262756347656,1.875,10.230262756347656
5000-0.05-9,Val 4,58.69565217391305,60.26315689086914,57.187496185302734,62.5,50.0,4.716516017913818,0.03301584720611572,2.2368431091308594,7.187496185302734,9.424339294433594
5000-0.05-9,Val 5,54.755434782608695,32.894737243652344,80.3125,43.75,70.0,19.162639617919922,0.037619054317474365,10.855262756347656,10.3125,21.167762756347656
5000-0.05-9,Test 4,60.33333348592122,65.12820434570312,60.27777862548828,76.32978820800781,39.304813385009766,13.426258087158203,0.04933333396911621,11.201583862304688,20.972965240478516,32.1745491027832
5000-0.05-9,Test 2,58.26666702270508,67.43589782714844,54.44444274902344,75.0,35.56149673461914,14.950884819030762,0.0586666464805603,7.5641021728515625,18.882946014404297,26.44704818725586
