name,epoch,acc,acc_A0Y0,acc_A0Y1,acc_A1Y0,acc_A1Y1,acc_var,acc_dis,err_op_0,err_op_1,err_odd
5000-0.1-4,Val 1,54.44015448434012,100.0,0.0,100.0,0.0,50.0,0.056493520736694336,0.0,0.0,0.0
5000-0.1-4,Val 2,55.341055287050615,45.19480514526367,68.8888931274414,57.894737243652344,43.589744567871094,10.279911994934082,0.05207794904708862,12.699932098388672,25.299148559570312,37.999080657958984
5000-0.1-4,Val 3,59.3307591785642,84.67532348632812,30.476192474365234,86.84210968017578,15.384615898132324,31.873273849487305,0.09636366367340088,2.1667861938476562,15.09157657623291,17.25836181640625
5000-0.1-4,Val 4,60.231660177655506,61.81818389892578,60.95238494873047,63.15789031982422,35.897438049316406,11.319718360900879,0.12077921628952026,1.3397064208984375,25.054946899414062,26.3946533203125
5000-0.1-4,Val 5,62.80566255036775,66.2337646484375,60.31746292114258,76.31578826904297,35.897438049316406,14.880502700805664,0.07727271318435669,10.082023620605469,24.420024871826172,34.50204849243164
5000-0.1-4,Test 1,51.1333332824707,100.0,0.2777777910232544,100.0,0.0,49.9306526184082,0.019999980926513672,0.0,0.2777777910232544,0.2777777910232544
5000-0.1-4,Test 5,60.13333348592123,68.46154022216797,58.88888931274414,73.93617248535156,38.77005386352539,13.395511627197266,0.07466667890548706,5.474632263183594,20.11883544921875,25.593467712402344
