name,epoch,acc,acc_A0Y0,acc_A0Y1,acc_A1Y0,acc_A1Y1,acc_var,acc_dis,err_op_0,err_op_1,err_odd
5000-0.1-3,Val 1,57.14285689738113,94.24083709716797,15.723270416259766,93.54838562011719,10.8695650100708,40.336360931396484,0.1441558301448822,0.6924514770507812,4.853705406188965,5.546156883239746
5000-0.1-3,Val 2,58.81595885032546,69.10994720458984,48.74213790893555,77.41934967041016,30.434782028198242,18.276954650878906,0.10506492853164673,8.309402465820312,18.307355880737305,26.616758346557617
5000-0.1-3,Val 3,61.132560980366,74.60733032226562,47.79874038696289,77.41934967041016,30.434782028198242,19.468338012695312,0.1307792067527771,2.8120193481445312,17.36395835876465,20.17597770690918
5000-0.1-3,Val 4,58.55855840636343,39.79057693481445,80.50314331054688,48.3870964050293,69.56521606445312,16.23563575744629,0.027532458305358887,8.596519470214844,10.93792724609375,19.534446716308594
5000-0.1-3,Val 5,60.746460702275066,86.91099548339844,32.075469970703125,87.09677124023438,23.913043975830078,29.645681381225586,0.12649351358413696,0.1857757568359375,8.162425994873047,8.348201751708984
5000-0.1-3,Test 5,60.46666692097982,84.1025619506836,42.77777862548828,86.43617248535156,26.737966537475586,25.89773941040039,0.07599997520446777,2.3336105346679688,16.039812088012695,18.373422622680664
5000-0.1-3,Test 3,60.133333638509114,72.56410217285156,52.77777862548828,81.38298034667969,32.887699127197266,18.723569869995117,0.0586666464805603,8.818878173828125,19.890079498291016,28.70895767211914
