name,epoch,acc,acc_A0Y0,acc_A0Y1,acc_A1Y0,acc_A1Y1,acc_var,acc_dis,err_op_0,err_op_1,err_odd
5000-0.1-2,Val 1,56.49935644535178,99.25186920166016,0.6688963174819946,97.5,0.0,49.02522659301758,0.06493508815765381,1.7518692016601562,0.6688963174819946,2.4207653999328613
5000-0.1-2,Val 2,60.61776065703678,75.56109619140625,40.46822738647461,85.0,35.135135650634766,21.5825252532959,0.004675328731536865,9.43890380859375,5.333091735839844,14.771995544433594
5000-0.1-2,Val 3,61.64736186338054,70.82294464111328,49.16387939453125,80.0,43.24324417114258,15.105778694152832,0.007662296295166016,9.177055358886719,5.920635223388672,15.09769058227539
5000-0.1-2,Val 4,57.01415696015229,45.885284423828125,70.56855773925781,55.0,70.27027130126953,10.495891571044922,0.05909091234207153,9.114715576171875,0.29828643798828125,9.413002014160156
5000-0.1-2,Val 5,59.71685957448363,54.11471176147461,66.55518341064453,60.000003814697266,64.86486053466797,4.8377556800842285,0.02909088134765625,5.885292053222656,1.6903228759765625,7.575614929199219
5000-0.1-2,Test 1,51.79999994913737,99.74358367919922,2.222222328186035,99.2021255493164,1.8716577291488647,48.7134895324707,0.02266669273376465,0.5414581298828125,0.3505645990371704,0.8920227289199829
5000-0.1-2,Test 3,59.0000005086263,72.05127716064453,51.666664123535156,76.06382751464844,35.29411697387695,16.409168243408203,0.0653333067893982,4.012550354003906,16.372547149658203,20.38509750366211
