name,epoch,acc,acc_A0Y0,acc_A0Y1,acc_A1Y0,acc_A1Y1,acc_var,acc_dis,err_op_0,err_op_1,err_odd
5000-0.1-10,Val 1,56.885457022923454,97.68637084960938,7.395498275756836,100.0,5.0,46.33768081665039,0.06922078132629395,2.313629150390625,2.395498275756836,4.709127426147461
5000-0.1-10,Val 2,58.55855831308254,91.7737808227539,18.00642967224121,97.29730224609375,15.000000953674316,39.079463958740234,0.04454541206359863,5.523521423339844,3.0064287185668945,8.529950141906738
5000-0.1-10,Val 3,58.944658787554296,66.83804321289062,48.55305480957031,81.0810775756836,42.5,15.233098030090332,0.023246705532073975,14.243034362792969,6.0530548095703125,20.29608917236328
5000-0.1-10,Val 4,61.38996103647593,73.26478576660156,46.302249908447266,83.78378295898438,42.5,17.513874053955078,0.010519444942474365,10.518997192382812,3.8022499084472656,14.321247100830078
5000-0.1-10,Val 5,59.588159529245345,56.041133880615234,63.665592193603516,75.67567443847656,47.5,10.3562650680542,0.01610386371612549,19.634540557861328,16.165592193603516,35.800132751464844
5000-0.1-10,Test 1,53.80000010172526,99.74358367919922,7.777778148651123,97.8723373413086,5.882352828979492,45.99858856201172,0.03600001335144043,1.871246337890625,1.8954253196716309,3.766671657562256
5000-0.1-10,Test 4,59.66666707356771,73.07691955566406,49.44444274902344,82.97872924804688,32.08556365966797,19.926151275634766,0.04133337736129761,9.901809692382812,17.35887908935547,27.26068878173828
