name,epoch,acc,acc_A0Y0,acc_A0Y1,acc_A1Y0,acc_A1Y1,acc_var,acc_dis,err_op_0,err_op_1,err_odd
5000-0.05-6,Val 1,56.929347784622855,36.842105865478516,79.05604553222656,42.105262756347656,58.82353210449219,16.483165740966797,0.07285714149475098,5.263156890869141,20.232513427734375,25.495670318603516
5000-0.05-6,Val 2,57.88043461675229,92.5207748413086,21.53392219543457,84.21052551269531,17.647058486938477,34.540218353271484,0.05365079641342163,8.310249328613281,3.8868637084960938,12.197113037109375
5000-0.05-6,Val 3,60.46195631441863,79.22438049316406,41.00294876098633,73.68421173095703,35.29411697387695,19.35828971862793,0.05158728361129761,5.540168762207031,5.708831787109375,11.249000549316406
5000-0.05-6,Val 4,61.54891298128211,62.326873779296875,61.35693359375,68.42105102539062,41.17647171020508,10.261697769165039,0.06301581859588623,6.09417724609375,20.180461883544922,26.274639129638672
5000-0.05-6,Val 5,62.77173898531043,69.80609130859375,56.342185974121094,68.42105102539062,35.29411697387695,13.830639839172363,0.10507935285568237,1.385040283203125,21.04806900024414,22.433109283447266
5000-0.05-6,Test 3,59.20000035603841,77.17948913574219,46.11111068725586,82.71276092529297,29.411766052246094,21.990283966064453,0.061333298683166504,5.533271789550781,16.699344635009766,22.232616424560547
5000-0.05-6,Test 5,60.733333638509116,68.97435760498047,57.22222137451172,78.72340393066406,37.43315505981445,15.384238243103027,0.05199998617172241,9.749046325683594,19.789066314697266,29.53811264038086
