name,epoch,acc,acc_A0Y0,acc_A0Y1,acc_A1Y0,acc_A1Y1,acc_var,acc_dis,err_op_0,err_op_1,err_odd
5000-0.1-6,Val 1,53.410553548019976,98.61495971679688,5.604719638824463,97.43589782714844,5.263157844543457,46.29777908325195,0.016233742237091064,1.1790618896484375,0.34156179428100586,1.5206236839294434
5000-0.1-6,Val 2,60.10296024042667,81.16343688964844,38.64306640625,76.92308044433594,34.21052551269531,21.418315887451172,0.047272682189941406,4.2403564453125,4.4325408935546875,8.672897338867188
5000-0.1-6,Val 3,60.10296004895538,56.786705017089844,65.19174194335938,61.5384635925293,44.73684310913086,7.71551513671875,0.07610386610031128,4.751758575439453,20.454898834228516,25.20665740966797
5000-0.1-6,Val 4,62.5482623911579,75.6232681274414,50.147491455078125,74.35897827148438,36.842105865478516,16.441823959350586,0.07441556453704834,1.2642898559570312,13.30538558959961,14.56967544555664
5000-0.1-6,Val 5,62.03346224948093,63.98891830444336,61.35693359375,66.66667175292969,44.73684310913086,8.55160140991211,0.06870126724243164,2.677753448486328,16.62009048461914,19.29784393310547
5000-0.1-6,Test 1,53.46666712443034,100.0,5.277777671813965,98.67021179199219,5.882352828979492,46.88036346435547,0.02133333683013916,1.3297882080078125,0.6045751571655273,1.9343633651733398
5000-0.1-6,Test 4,60.13333353678385,74.35897827148438,53.61111068725586,77.92552947998047,33.68983840942383,17.75179100036621,0.08533334732055664,3.5665512084960938,19.92127227783203,23.487823486328125
