name,epoch,acc,acc_A0Y0,acc_A0Y1,acc_A1Y0,acc_A1Y1,acc_var,acc_dis,err_op_0,err_op_1,err_odd
5000-0.05-3,Val 1,54.21195645954298,98.16754150390625,3.7735848426818848,100.0,0.0,48.621116638183594,0.2195238173007965,1.83245849609375,3.7735848426818848,5.606043338775635
5000-0.05-3,Val 2,56.52173896457838,45.549739837646484,70.44025421142578,41.666664123535156,54.16666793823242,11.061946868896484,0.06857144832611084,3.883075714111328,16.27358627319336,20.156661987304688
5000-0.05-3,Val 3,60.46195648027503,84.55497741699219,33.333335876464844,91.66667175292969,20.833332061767578,30.934478759765625,0.1684127151966095,7.1116943359375,12.500003814697266,19.611698150634766
5000-0.05-3,Val 4,63.04347805354906,76.43978881835938,48.74213790893555,83.33332824707031,29.16666603088379,21.74167251586914,0.16634923219680786,6.8935394287109375,19.575471878051758,26.469011306762695
5000-0.05-3,Val 5,63.85869532046111,72.77487182617188,55.03144836425781,75.0,33.333335876464844,16.735212326049805,0.17492061853408813,2.225128173828125,21.69811248779297,23.923240661621094
5000-0.05-3,Test 1,54.00000030517578,99.74358367919922,7.500000476837158,97.60638427734375,7.2192511558532715,45.664039611816406,0.029333293437957764,2.1371994018554688,0.2807493209838867,2.4179487228393555
5000-0.05-3,Test 5,61.40000030517578,71.79487609863281,55.83333206176758,81.11701965332031,36.096256256103516,17.08755111694336,0.05466669797897339,9.3221435546875,19.737075805664062,29.059219360351562
