name,epoch,acc,acc_A0Y0,acc_A0Y1,acc_A1Y0,acc_A1Y1,acc_var,acc_dis,err_op_0,err_op_1,err_odd
5000-0.15-1,Val 0,50.0633715156971,7.9124579429626465,95.82463836669922,24.590164184570312,85.8237533569336,37.9150276184082,0.09080123901367188,16.677705764770508,10.000885009765625,26.678590774536133
5000-0.15-1,Val 1,57.794676796413945,92.92929077148438,20.250520706176758,94.67213439941406,12.260536193847656,38.880245208740234,0.08405417203903198,1.7428436279296875,7.989984512329102,9.732828140258789
5000-0.15-1,Val 2,59.759189088383856,80.13467407226562,39.03966522216797,83.19672393798828,29.501914978027344,23.960643768310547,0.0634382963180542,3.0620498657226562,9.537750244140625,12.599800109863281
5000-0.15-1,Test 1,58.933333485921224,93.84615325927734,26.944442749023438,95.21276092529297,16.844919204711914,36.49570083618164,0.0559999942779541,1.366607666015625,10.099523544311523,11.466131210327148
