name,epoch,acc,acc_A0Y0,acc_A0Y1,acc_A1Y0,acc_A1Y1,acc_var,acc_dis,err_op_0,err_op_1,err_odd
5000-0.2-1,Val 0,54.372623695015754,99.66329956054688,3.549060583114624,99.59016418457031,2.2988505363464355,48.353416442871094,0.0744982659816742,0.0731353759765625,1.2502100467681885,1.323345422744751
5000-0.2-1,Val 1,56.08365022879288,38.88888931274414,74.32150268554688,60.24590301513672,57.854408264160156,12.615194320678711,0.04303473234176636,21.357013702392578,16.46709442138672,37.8241081237793
5000-0.2-1,Val 2,56.780735276951084,94.94949340820312,15.031315803527832,95.08197021484375,10.7279691696167,41.09624481201172,0.07787913084030151,0.132476806640625,4.303346633911133,4.435823440551758
5000-0.2-1,Val 3,58.23827641031437,47.643096923828125,70.77244567871094,63.524593353271484,54.406131744384766,8.790838241577148,0.008435666561126709,15.88149642944336,16.366313934326172,32.24781036376953
5000-0.2-1,Test 0,52.866666819254554,100.0,4.722222328186035,99.2021255493164,3.475935697555542,47.75385665893555,0.02799999713897705,0.7978744506835938,1.2462866306304932,2.044161081314087
