name,epoch,acc,acc_A0Y0,acc_A0Y1,acc_A1Y0,acc_A1Y1,acc_var,acc_dis,err_op_0,err_op_1,err_odd
5000-0.1-1,Val 0,53.10519659141473,100.0,0.0,100.0,0.0,50.0,0.0704197883605957,0.0,0.0,0.0
5000-0.1-1,Val 1,55.89353615068211,35.0168342590332,78.28810119628906,55.73770523071289,62.45210647583008,15.529877662658691,0.04874277114868164,20.720870971679688,15.835994720458984,36.55686569213867
5000-0.1-1,Test 0,51.06666687011719,100.0,0.0,100.0,0.0,50.0,0.018666625022888184,0.0,0.0,0.0
