name,epoch,acc,acc_A0Y0,acc_A0Y1,acc_A1Y0,acc_A1Y1,acc_var,acc_dis,err_op_0,err_op_1,err_odd
5000-0.3-1,Val 0,54.87959451518282,98.82154846191406,6.054279804229736,98.77049255371094,3.4482758045196533,47.03139877319336,0.07904180884361267,0.051055908203125,2.606003999710083,2.657059907913208
5000-0.3-1,Val 1,58.87199001046339,86.531982421875,28.1837158203125,88.9344253540039,24.137929916381836,30.831104278564453,0.050390779972076416,2.4024429321289062,4.045785903930664,6.44822883605957
5000-0.3-1,Val 2,59.315589576015306,85.01683807373047,31.31524085998535,86.47541046142578,26.819923400878906,28.388486862182617,0.05400240421295166,1.4585723876953125,4.495317459106445,5.953889846801758
5000-0.3-1,Val 3,58.23827646833258,45.11784744262695,73.69519805908203,63.1147575378418,55.17241287231445,10.487398147583008,0.01134788990020752,17.996910095214844,18.522785186767578,36.51969528198242
5000-0.3-1,Val 4,61.533587070170164,76.26262664794922,48.016700744628906,78.27869415283203,37.16474914550781,17.773664474487305,0.06623607873916626,2.0160675048828125,10.851951599121094,12.868019104003906
5000-0.3-1,Val 5,63.43472761437014,67.8451156616211,60.96033477783203,73.36065673828125,48.65900421142578,9.223579406738281,0.04177612066268921,5.515541076660156,12.30133056640625,17.816871643066406
5000-0.3-1,Val 6,61.15335889460923,45.9595947265625,79.958251953125,57.377044677734375,64.75096130371094,12.336251258850098,0.0005112290382385254,11.417449951171875,15.207290649414062,26.624740600585938
5000-0.3-1,Val 7,68.75792168060032,75.75757598876953,64.92692565917969,77.04917907714844,52.10728073120117,10.036490440368652,0.06764233112335205,1.2916030883789062,12.819644927978516,14.111248016357422
5000-0.3-1,Test 7,67.60000040690105,75.38461303710938,65.0,75.53192138671875,54.01069641113281,8.872553825378418,0.0559999942779541,0.147308349609375,10.989303588867188,11.136611938476562
