name,epoch,acc,acc_A0Y0,acc_A0Y1,acc_A1Y0,acc_A1Y1,acc_var,acc_dis,err_op_0,err_op_1,err_odd
1000-0.1-1,Val 0,53.041825225598004,96.12794494628906,4.384133815765381,96.31147766113281,3.8314175605773926,46.056427001953125,0.06657561659812927,0.18353271484375,0.5527162551879883,0.7362489700317383
1000-0.1-1,Val 1,53.10519660108443,100.0,0.0,100.0,0.0,50.0,0.0704197883605957,0.0,0.0,0.0
1000-0.1-1,Val 2,49.74651461409072,10.1010103225708,92.69310760498047,28.278688430786133,81.2260513305664,34.72642135620117,0.08672454953193665,18.177677154541016,11.467056274414062,29.644733428955078
1000-0.1-1,Val 3,46.95817492428237,0.33670032024383545,99.58246612548828,3.278688430786133,97.31800842285156,48.33909606933594,0.07239994406700134,2.941987991333008,2.2644577026367188,5.206445693969727
1000-0.1-1,Val 4,53.54879621498485,27.94612693786621,80.37578582763672,46.31147766113281,69.3486557006836,20.33010482788086,0.06866472959518433,18.3653507232666,11.027130126953125,29.392480850219727
1000-0.1-1,Test 1,51.066667022705076,100.0,0.0,100.0,0.0,50.0,0.018666625022888184,0.0,0.0,0.0
