name,epoch,acc,acc_A0Y0,acc_A0Y1,acc_A1Y0,acc_A1Y1,acc_var,acc_dis,err_op_0,err_op_1,err_odd
5000-0.1-1,Val 1,54.8262547722501,100.0,0.0,100.0,0.0,50.0,0.011298716068267822,0.0,0.0,0.0
5000-0.1-1,Val 2,54.440154395968754,34.464752197265625,77.91798400878906,53.488372802734375,61.764705657958984,15.655672073364258,0.030000030994415283,19.02362060546875,16.153278350830078,35.17689895629883
5000-0.1-1,Val 3,59.07335911263524,57.96344757080078,60.56782531738281,69.76744079589844,44.11764907836914,9.1889066696167,0.0070130228996276855,11.803993225097656,16.450176239013672,28.254169464111328
5000-0.1-1,Val 4,57.142857182133305,46.21409606933594,69.7160873413086,65.11627960205078,52.94117736816406,9.373095512390137,0.028831124305725098,18.902183532714844,16.77490997314453,35.677093505859375
5000-0.1-1,Val 5,55.34105498756988,37.8590087890625,76.02523803710938,58.13953399658203,55.88235092163086,13.517420768737793,0.020000040531158447,20.28052520751953,20.142887115478516,40.42341232299805
5000-0.1-1,Test 1,51.06666687011719,100.0,0.0,100.0,0.0,50.0,0.018666625022888184,0.0,0.0,0.0
5000-0.1-1,Test 3,58.66666676839193,57.4359016418457,63.33333206176758,71.80850982666016,42.24599075317383,10.789265632629395,0.03200000524520874,14.372608184814453,21.08734130859375,35.4599494934082
