name,epoch,acc,acc_A0Y0,acc_A0Y1,acc_A1Y0,acc_A1Y1,acc_var,acc_dis,err_op_0,err_op_1,err_odd
5000-0.05-4,Val 1,54.48369554851366,100.0,0.0,100.0,0.0,50.0,0.10555556416511536,0.0,0.0,0.0
5000-0.05-4,Val 2,60.59782592110012,75.06493377685547,43.4920654296875,93.75,25.0,26.747493743896484,0.053015828132629395,18.68506622314453,18.4920654296875,37.17713165283203
5000-0.05-4,Val 3,58.831521594006084,56.10389709472656,62.85714340209961,68.75,40.0,10.748846054077148,0.06365078687667847,12.646102905273438,22.85714340209961,35.50324630737305
5000-0.05-4,Val 4,56.38586944082509,44.155845642089844,71.74603271484375,62.5,45.0,11.740763664245605,0.037936508655548096,18.344154357910156,26.74603271484375,45.090187072753906
5000-0.05-4,Val 5,58.96739120068757,52.20779037475586,67.93650817871094,68.75,40.0,11.931419372558594,0.06507933139801025,16.54220962524414,27.936508178710938,44.47871780395508
5000-0.05-4,Test 1,51.06666661580404,100.0,0.0,100.0,0.0,50.0,0.018666625022888184,0.0,0.0,0.0
5000-0.05-4,Test 2,59.06666681925456,77.94872283935547,45.833335876464844,82.97872924804688,28.074867248535156,22.712438583374023,0.06933331489562988,5.030006408691406,17.758468627929688,22.788475036621094
