name,epoch,acc,acc_A0Y0,acc_A0Y1,acc_A1Y0,acc_A1Y1,acc_var,acc_dis,err_op_0,err_op_1,err_odd
5000-0.05-2,Val 1,57.60869556924571,100.0,0.0,100.0,0.0,50.0,0.06603175401687622,0.0,0.0,0.0
5000-0.05-2,Val 2,57.06521724618,58.3541145324707,56.18729019165039,65.21739196777344,23.076923370361328,16.297887802124023,0.07428568601608276,6.863277435302734,33.11036682128906,39.9736442565918
5000-0.05-2,Val 3,59.374999834143594,60.349124908447266,59.197322845458984,60.869564056396484,30.76923179626465,12.731727600097656,0.09857141971588135,0.5204391479492188,28.428091049194336,28.948530197143555
5000-0.05-2,Val 4,61.14130430636199,67.58104705810547,53.51170349121094,73.91304016113281,15.384615898132324,22.71834945678711,0.08793652057647705,6.331993103027344,38.1270866394043,44.45907974243164
5000-0.05-2,Val 5,62.092391097027324,69.57605743408203,52.84280776977539,73.91304016113281,23.076923370361328,19.96129608154297,0.06873011589050293,4.336982727050781,29.765884399414062,34.102867126464844
5000-0.05-2,Test 1,51.133333689371746,100.0,0.2777777910232544,100.0,0.0,49.9306526184082,0.019999980926513672,0.0,0.2777777910232544,0.2777777910232544
5000-0.05-2,Test 5,59.86666666666667,71.28205108642578,54.72222137451172,76.86170196533203,35.82887649536133,15.9943265914917,0.06933331489562988,5.57965087890625,18.89334487915039,24.47299575805664
