name,epoch,acc,acc_A0Y0,acc_A0Y1,acc_A1Y0,acc_A1Y1,acc_var,acc_dis,err_op_0,err_op_1,err_odd
5000-0.05-1,Val 1,59.91847819867341,63.44647216796875,56.46687698364258,66.66667175292969,38.88888931274414,10.743561744689941,0.07507938146591187,3.2201995849609375,17.577987670898438,20.798187255859375
5000-0.05-1,Val 2,46.8749999170718,4.9608354568481445,96.52996826171875,27.77777862548828,83.33332824707031,37.94337844848633,0.09126988053321838,22.816944122314453,13.196640014648438,36.01358413696289
5000-0.05-1,Val 3,59.10326080736907,93.47257995605469,18.29652976989746,94.44444274902344,11.111111640930176,39.71017837524414,0.06650793552398682,0.97186279296875,7.185418128967285,8.157280921936035
5000-0.05-1,Val 4,62.49999970975129,73.1070556640625,50.473182678222656,72.22222137451172,38.88888931274414,14.58227825164795,0.07301586866378784,0.8848342895507812,11.584293365478516,12.469127655029297
5000-0.05-1,Val 5,63.04347805354906,67.36292266845703,58.675079345703125,72.22222137451172,38.88888931274414,12.737717628479004,0.07873010635375977,4.8592987060546875,19.786190032958984,24.645488739013672
5000-0.05-1,Test 3,58.00000015258789,94.35897827148438,24.16666603088379,94.14893341064453,16.31015968322754,37.111942291259766,0.0533333420753479,0.21004486083984375,7.85650634765625,8.066551208496094
5000-0.05-1,Test 5,60.333333791097004,65.8974380493164,58.33333206176758,77.39361572265625,39.304813385009766,13.857942581176758,0.03866666555404663,11.496177673339844,19.028518676757812,30.524696350097656
