name,epoch,acc,acc_A0Y0,acc_A0Y1,acc_A1Y0,acc_A1Y1,acc_var,acc_dis,err_op_0,err_op_1,err_odd
5000-0.1-5,Val 1,54.82625487535003,99.74093627929688,0.6369426846504211,100.0,0.0,49.77659225463867,0.046363651752471924,0.259063720703125,0.6369426846504211,0.8960064053535461
5000-0.1-5,Val 2,55.855855718389286,97.4093246459961,6.050955295562744,100.0,0.0,47.89616012573242,0.05779218673706055,2.5906753540039062,6.050955295562744,8.641630172729492
5000-0.1-5,Val 3,59.71685975613588,64.24870300292969,54.45859909057617,79.4871826171875,36.842105865478516,15.480940818786621,0.014155864715576172,15.238479614257812,17.616493225097656,32.85497283935547
5000-0.1-5,Val 4,61.77606161895713,80.31088256835938,40.12738800048828,87.17948913574219,26.3157901763916,25.843774795532227,0.05142855644226074,6.8686065673828125,13.81159782409668,20.680204391479492
5000-0.1-5,Val 5,61.38996152742796,66.58031463623047,56.369422912597656,76.92308044433594,34.21052551269531,15.805201530456543,0.061558425426483154,10.342765808105469,22.158897399902344,32.50166320800781
5000-0.1-5,Test 1,51.33333374023437,100.0,0.2777777910232544,99.73404693603516,1.0695186853408813,49.59756851196289,0.016000032424926758,0.26595306396484375,0.791740894317627,1.0576939582824707
5000-0.1-5,Test 4,59.86666666666667,82.05128479003906,43.0555534362793,85.63829803466797,27.005348205566406,25.090225219726562,0.06933331489562988,3.5870132446289062,16.05020523071289,19.637218475341797
