name,epoch,acc,acc_A0Y0,acc_A0Y1,acc_A1Y0,acc_A1Y1,acc_var,acc_dis,err_op_0,err_op_1,err_odd
5000-0.1-9,Val 1,48.26254802689129,5.789473533630371,97.5,20.930233001708984,94.11764526367188,41.5877799987793,0.055324673652648926,15.140759468078613,3.382354736328125,18.523113250732422
5000-0.1-9,Val 2,54.311454169078225,36.578948974609375,73.4375,58.13953399658203,67.64705657958984,14.023615837097168,0.08909088373184204,21.560585021972656,5.790443420410156,27.351028442382812
5000-0.1-9,Val 3,56.49935635207089,95.2631607055664,10.3125,95.34883117675781,8.823529243469238,42.87223434448242,0.007142901420593262,0.08567047119140625,1.4889707565307617,1.574641227722168
5000-0.1-9,Val 4,62.16216229962873,71.31578826904297,51.5625,81.39534759521484,35.29411697387695,17.79981231689453,0.012467563152313232,10.079559326171875,16.268383026123047,26.347942352294922
5000-0.1-9,Val 5,62.93436287544869,83.15789794921875,39.375,88.3720932006836,26.47058868408203,26.875425338745117,0.02103900909423828,5.214195251464844,12.904411315917969,18.118606567382812
5000-0.1-9,Test 3,57.13333353678385,97.43589782714844,18.05555534362793,96.54255676269531,13.101604461669922,40.74421310424805,0.04399996995925903,0.893341064453125,4.953950881958008,5.847291946411133
5000-0.1-9,Test 5,60.60000045776367,82.82051086425781,44.16666793823242,88.2978744506836,25.401071548461914,26.31163215637207,0.07333332300186157,5.477363586425781,18.765596389770508,24.24295997619629
