name,epoch,acc,acc_A0Y0,acc_A0Y1,acc_A1Y0,acc_A1Y1,acc_var,acc_dis,err_op_0,err_op_1,err_odd
5000-0.05-7,Val 1,56.52173896457838,56.777496337890625,57.28155517578125,46.66666793823242,47.619049072265625,4.957992076873779,0.09777778387069702,10.110828399658203,9.662506103515625,19.773334503173828
5000-0.05-7,Val 2,57.88043463748434,55.754478454589844,62.135921478271484,46.66666793823242,42.85714340209961,7.562795162200928,0.14126983284950256,9.087810516357422,19.278778076171875,28.366588592529297
5000-0.05-7,Val 3,60.59782602476037,90.28133392333984,24.91909408569336,80.0,19.047618865966797,31.854888916015625,0.16984125971794128,10.281333923339844,5.8714752197265625,16.152809143066406
5000-0.05-7,Val 4,63.04347811574521,85.4219970703125,36.569580078125,80.0,23.809524536132812,26.714279174804688,0.16634923219680786,5.4219970703125,12.760055541992188,18.182052612304688
5000-0.05-7,Val 5,63.17934774315876,67.263427734375,59.22330093383789,46.66666793823242,57.142860412597656,7.344402313232422,0.10936504602432251,20.596759796142578,2.0804405212402344,22.677200317382812
5000-0.05-7,Test 4,59.2000005086263,83.5897445678711,38.33333206176758,89.09574890136719,23.796791076660156,28.17993927001953,0.0533333420753479,5.506004333496094,14.536540985107422,20.042545318603516
5000-0.05-7,Test 5,60.0,66.9230728149414,59.72222137451172,76.32978820800781,36.63101577758789,14.669174194335938,0.06933337450027466,9.406715393066406,23.091205596923828,32.497920989990234
