name,epoch,acc,acc_A0Y0,acc_A0Y1,acc_A1Y0,acc_A1Y1,acc_var,acc_dis,err_op_0,err_op_1,err_odd
5000-0.05-10,Val 1,55.84239124215168,97.94344329833984,3.858520746231079,100.0,0.0,48.54584884643555,0.06142854690551758,2.0565567016601562,3.858520746231079,5.915077209472656
5000-0.05-10,Val 2,59.782608591991924,85.3470458984375,27.97427749633789,100.0,16.666667938232422,35.78001403808594,0.01523810625076294,14.6529541015625,11.307609558105469,25.96056365966797
5000-0.05-10,Val 3,59.78260855052782,70.1799545288086,46.945335388183594,83.33332824707031,33.333335876464844,19.49343490600586,0.01523810625076294,13.153373718261719,13.61199951171875,26.76537322998047
5000-0.05-10,Val 4,59.2391302689262,65.80976867675781,51.12540054321289,77.77777862548828,38.88888931274414,14.696990966796875,0.00952380895614624,11.968009948730469,12.23651123046875,24.20452117919922
5000-0.05-10,Val 5,58.69565204952074,67.6092529296875,47.909969329833984,77.77777862548828,33.333335876464844,17.223115921020508,0.03301584720611572,10.168525695800781,14.57663345336914,24.745159149169922
5000-0.05-10,Test 1,52.93333343505859,99.74358367919922,4.722222328186035,99.2021255493164,4.010695457458496,47.55424880981445,0.02399998903274536,0.5414581298828125,0.7115268707275391,1.2529850006103516
5000-0.05-10,Test 2,57.86666707356771,86.66666412353516,32.77777862548828,89.89361572265625,19.786094665527344,31.358314514160156,0.0586666464805603,3.2269515991210938,12.991683959960938,16.21863555908203
