name,epoch,acc,acc_A0Y0,acc_A0Y1,acc_A1Y0,acc_A1Y1,acc_var,acc_dis,err_op_0,err_op_1,err_odd
5000-0.25-1,Val 0,58.4283905706176,74.91582489013672,40.501041412353516,84.42623138427734,29.501914978027344,22.918785095214844,0.03513056039810181,9.510406494140625,10.999126434326172,20.509532928466797
5000-0.25-1,Val 1,59.695817650044376,71.3804702758789,47.80792999267578,79.91802978515625,36.01532745361328,17.63664436340332,0.036296844482421875,8.537559509277344,11.7926025390625,20.330162048339844
5000-0.25-1,Val 2,56.90747791188751,45.11784744262695,70.35491180419922,63.524593353271484,52.873565673828125,9.687504768371582,0.016358375549316406,18.40674591064453,17.481346130371094,35.888092041015625
5000-0.25-1,Val 3,59.885931650797524,57.23905563354492,64.50939178466797,70.08197021484375,47.89271926879883,8.30919075012207,0.018707633018493652,12.842914581298828,16.61667251586914,29.45958709716797
5000-0.25-1,Val 4,58.74524740937092,50.336700439453125,69.31106567382812,65.98360443115234,51.72413635253906,8.405658721923828,0.0019322037696838379,15.646903991699219,17.586929321289062,33.23383331298828
5000-0.25-1,Val 5,62.48415740270578,71.71717071533203,54.90605163574219,75.81967163085938,42.9118766784668,13.213042259216309,0.054006099700927734,4.102500915527344,11.99417495727539,16.096675872802734
5000-0.25-1,Test 5,61.93333384195964,72.05127716064453,54.44444274902344,80.05319213867188,40.374332427978516,15.422483444213867,0.03333330154418945,8.001914978027344,14.070110321044922,22.072025299072266
